"","usingObserved","treeType","scale","counted","numWins"
"1",FALSE,"tree",0.01,100,52
"2",TRUE,"tree",0.01,100,57
"3",FALSE,"tree",0.1,100,61
"4",TRUE,"tree",0.1,100,53
"5",FALSE,"tree",1,100,64
"6",TRUE,"tree",1,100,74
"7",FALSE,"tree",10,100,61
"8",TRUE,"tree",10,100,62
"9",FALSE,"tree",100,100,54
"10",TRUE,"tree",100,100,53
"11",FALSE,"dirichlet",0.01,100,47
"12",TRUE,"dirichlet",0.01,100,40
"13",FALSE,"dirichlet",0.1,100,43
"14",TRUE,"dirichlet",0.1,100,52
"15",FALSE,"dirichlet",1,100,38
"16",TRUE,"dirichlet",1,100,54
"17",FALSE,"dirichlet",10,100,42
"18",TRUE,"dirichlet",10,100,47
"19",FALSE,"dirichlet",100,100,46
"20",TRUE,"dirichlet",100,100,54
"21",FALSE,"tree",0.01,200,81
"22",TRUE,"tree",0.01,200,84
"23",FALSE,"tree",0.1,200,79
"24",TRUE,"tree",0.1,200,88
"25",FALSE,"tree",1,200,86
"26",TRUE,"tree",1,200,83
"27",FALSE,"tree",10,200,82
"28",TRUE,"tree",10,200,88
"29",FALSE,"tree",100,200,77
"30",TRUE,"tree",100,200,79
"31",FALSE,"dirichlet",0.01,200,43
"32",TRUE,"dirichlet",0.01,200,68
"33",FALSE,"dirichlet",0.1,200,51
"34",TRUE,"dirichlet",0.1,200,79
"35",FALSE,"dirichlet",1,200,60
"36",TRUE,"dirichlet",1,200,70
"37",FALSE,"dirichlet",10,200,65
"38",TRUE,"dirichlet",10,200,70
"39",FALSE,"dirichlet",100,200,55
"40",TRUE,"dirichlet",100,200,66
"41",FALSE,"tree",0.01,300,89
"42",TRUE,"tree",0.01,300,97
"43",FALSE,"tree",0.1,300,86
"44",TRUE,"tree",0.1,300,95
"45",FALSE,"tree",1,300,89
"46",TRUE,"tree",1,300,91
"47",FALSE,"tree",10,300,86
"48",TRUE,"tree",10,300,98
"49",FALSE,"tree",100,300,76
"50",TRUE,"tree",100,300,85
"51",FALSE,"dirichlet",0.01,300,60
"52",TRUE,"dirichlet",0.01,300,82
"53",FALSE,"dirichlet",0.1,300,62
"54",TRUE,"dirichlet",0.1,300,82
"55",FALSE,"dirichlet",1,300,55
"56",TRUE,"dirichlet",1,300,87
"57",FALSE,"dirichlet",10,300,60
"58",TRUE,"dirichlet",10,300,88
"59",FALSE,"dirichlet",100,300,57
"60",TRUE,"dirichlet",100,300,84
"61",FALSE,"tree",0.01,400,97
"62",TRUE,"tree",0.01,400,100
"63",FALSE,"tree",0.1,400,98
"64",TRUE,"tree",0.1,400,100
"65",FALSE,"tree",1,400,100
"66",TRUE,"tree",1,400,100
"67",FALSE,"tree",10,400,100
"68",TRUE,"tree",10,400,100
"69",FALSE,"tree",100,400,95
"70",TRUE,"tree",100,400,100
"71",FALSE,"dirichlet",0.01,400,82
"72",TRUE,"dirichlet",0.01,400,99
"73",FALSE,"dirichlet",0.1,400,76
"74",TRUE,"dirichlet",0.1,400,100
"75",FALSE,"dirichlet",1,400,76
"76",TRUE,"dirichlet",1,400,99
"77",FALSE,"dirichlet",10,400,77
"78",TRUE,"dirichlet",10,400,99
"79",FALSE,"dirichlet",100,400,74
"80",TRUE,"dirichlet",100,400,100
"81",FALSE,"tree",0.01,500,100
"82",TRUE,"tree",0.01,500,100
"83",FALSE,"tree",0.1,500,100
"84",TRUE,"tree",0.1,500,100
"85",FALSE,"tree",1,500,100
"86",TRUE,"tree",1,500,100
"87",FALSE,"tree",10,500,100
"88",TRUE,"tree",10,500,100
"89",FALSE,"tree",100,500,98
"90",TRUE,"tree",100,500,100
"91",FALSE,"dirichlet",0.01,500,86
"92",TRUE,"dirichlet",0.01,500,100
"93",FALSE,"dirichlet",0.1,500,82
"94",TRUE,"dirichlet",0.1,500,100
"95",FALSE,"dirichlet",1,500,81
"96",TRUE,"dirichlet",1,500,100
"97",FALSE,"dirichlet",10,500,80
"98",TRUE,"dirichlet",10,500,100
"99",FALSE,"dirichlet",100,500,85
"100",TRUE,"dirichlet",100,500,100
"101",FALSE,"tree",0.01,600,100
"102",TRUE,"tree",0.01,600,100
"103",FALSE,"tree",0.1,600,100
"104",TRUE,"tree",0.1,600,100
"105",FALSE,"tree",1,600,100
"106",TRUE,"tree",1,600,100
"107",FALSE,"tree",10,600,100
"108",TRUE,"tree",10,600,100
"109",FALSE,"tree",100,600,99
"110",TRUE,"tree",100,600,100
"111",FALSE,"dirichlet",0.01,600,86
"112",TRUE,"dirichlet",0.01,600,100
"113",FALSE,"dirichlet",0.1,600,95
"114",TRUE,"dirichlet",0.1,600,100
"115",FALSE,"dirichlet",1,600,91
"116",TRUE,"dirichlet",1,600,100
"117",FALSE,"dirichlet",10,600,94
"118",TRUE,"dirichlet",10,600,100
"119",FALSE,"dirichlet",100,600,81
"120",TRUE,"dirichlet",100,600,100
"121",FALSE,"tree",0.01,700,100
"122",TRUE,"tree",0.01,700,100
"123",FALSE,"tree",0.1,700,100
"124",TRUE,"tree",0.1,700,100
"125",FALSE,"tree",1,700,100
"126",TRUE,"tree",1,700,100
"127",FALSE,"tree",10,700,100
"128",TRUE,"tree",10,700,100
"129",FALSE,"tree",100,700,99
"130",TRUE,"tree",100,700,100
"131",FALSE,"dirichlet",0.01,700,87
"132",TRUE,"dirichlet",0.01,700,100
"133",FALSE,"dirichlet",0.1,700,93
"134",TRUE,"dirichlet",0.1,700,100
"135",FALSE,"dirichlet",1,700,92
"136",TRUE,"dirichlet",1,700,100
"137",FALSE,"dirichlet",10,700,93
"138",TRUE,"dirichlet",10,700,100
"139",FALSE,"dirichlet",100,700,93
"140",TRUE,"dirichlet",100,700,100
"141",FALSE,"tree",0.01,800,100
"142",TRUE,"tree",0.01,800,100
"143",FALSE,"tree",0.1,800,100
"144",TRUE,"tree",0.1,800,100
"145",FALSE,"tree",1,800,100
"146",TRUE,"tree",1,800,100
"147",FALSE,"tree",10,800,100
"148",TRUE,"tree",10,800,100
"149",FALSE,"tree",100,800,100
"150",TRUE,"tree",100,800,100
"151",FALSE,"dirichlet",0.01,800,98
"152",TRUE,"dirichlet",0.01,800,100
"153",FALSE,"dirichlet",0.1,800,99
"154",TRUE,"dirichlet",0.1,800,100
"155",FALSE,"dirichlet",1,800,96
"156",TRUE,"dirichlet",1,800,100
"157",FALSE,"dirichlet",10,800,96
"158",TRUE,"dirichlet",10,800,100
"159",FALSE,"dirichlet",100,800,96
"160",TRUE,"dirichlet",100,800,100
"161",FALSE,"tree",0.01,900,100
"162",TRUE,"tree",0.01,900,100
"163",FALSE,"tree",0.1,900,100
"164",TRUE,"tree",0.1,900,100
"165",FALSE,"tree",1,900,100
"166",TRUE,"tree",1,900,100
"167",FALSE,"tree",10,900,100
"168",TRUE,"tree",10,900,100
"169",FALSE,"tree",100,900,100
"170",TRUE,"tree",100,900,100
"171",FALSE,"dirichlet",0.01,900,99
"172",TRUE,"dirichlet",0.01,900,100
"173",FALSE,"dirichlet",0.1,900,100
"174",TRUE,"dirichlet",0.1,900,100
"175",FALSE,"dirichlet",1,900,100
"176",TRUE,"dirichlet",1,900,100
"177",FALSE,"dirichlet",10,900,99
"178",TRUE,"dirichlet",10,900,100
"179",FALSE,"dirichlet",100,900,96
"180",TRUE,"dirichlet",100,900,100
"181",FALSE,"tree",0.01,1000,100
"182",TRUE,"tree",0.01,1000,100
"183",FALSE,"tree",0.1,1000,100
"184",TRUE,"tree",0.1,1000,100
"185",FALSE,"tree",1,1000,100
"186",TRUE,"tree",1,1000,100
"187",FALSE,"tree",10,1000,100
"188",TRUE,"tree",10,1000,100
"189",FALSE,"tree",100,1000,100
"190",TRUE,"tree",100,1000,100
"191",FALSE,"dirichlet",0.01,1000,98
"192",TRUE,"dirichlet",0.01,1000,100
"193",FALSE,"dirichlet",0.1,1000,99
"194",TRUE,"dirichlet",0.1,1000,100
"195",FALSE,"dirichlet",1,1000,100
"196",TRUE,"dirichlet",1,1000,100
"197",FALSE,"dirichlet",10,1000,99
"198",TRUE,"dirichlet",10,1000,100
"199",FALSE,"dirichlet",100,1000,100
"200",TRUE,"dirichlet",100,1000,100
"201",FALSE,"tree",0.01,100,96
"202",TRUE,"tree",0.01,100,99
"203",FALSE,"tree",0.1,100,97
"204",TRUE,"tree",0.1,100,97
"205",FALSE,"tree",1,100,93
"206",TRUE,"tree",1,100,99
"207",FALSE,"tree",10,100,92
"208",TRUE,"tree",10,100,99
"209",FALSE,"tree",100,100,81
"210",TRUE,"tree",100,100,90
"211",FALSE,"dirichlet",0.01,100,60
"212",TRUE,"dirichlet",0.01,100,74
"213",FALSE,"dirichlet",0.1,100,59
"214",TRUE,"dirichlet",0.1,100,79
"215",FALSE,"dirichlet",1,100,60
"216",TRUE,"dirichlet",1,100,79
"217",FALSE,"dirichlet",10,100,53
"218",TRUE,"dirichlet",10,100,76
"219",FALSE,"dirichlet",100,100,48
"220",TRUE,"dirichlet",100,100,76
"221",FALSE,"tree",0.01,200,100
"222",TRUE,"tree",0.01,200,100
"223",FALSE,"tree",0.1,200,99
"224",TRUE,"tree",0.1,200,100
"225",FALSE,"tree",1,200,100
"226",TRUE,"tree",1,200,100
"227",FALSE,"tree",10,200,100
"228",TRUE,"tree",10,200,100
"229",FALSE,"tree",100,200,96
"230",TRUE,"tree",100,200,99
"231",FALSE,"dirichlet",0.01,200,72
"232",TRUE,"dirichlet",0.01,200,99
"233",FALSE,"dirichlet",0.1,200,60
"234",TRUE,"dirichlet",0.1,200,96
"235",FALSE,"dirichlet",1,200,70
"236",TRUE,"dirichlet",1,200,95
"237",FALSE,"dirichlet",10,200,68
"238",TRUE,"dirichlet",10,200,97
"239",FALSE,"dirichlet",100,200,74
"240",TRUE,"dirichlet",100,200,95
"241",FALSE,"tree",0.01,300,100
"242",TRUE,"tree",0.01,300,100
"243",FALSE,"tree",0.1,300,100
"244",TRUE,"tree",0.1,300,100
"245",FALSE,"tree",1,300,100
"246",TRUE,"tree",1,300,100
"247",FALSE,"tree",10,300,100
"248",TRUE,"tree",10,300,100
"249",FALSE,"tree",100,300,96
"250",TRUE,"tree",100,300,100
"251",FALSE,"dirichlet",0.01,300,79
"252",TRUE,"dirichlet",0.01,300,99
"253",FALSE,"dirichlet",0.1,300,76
"254",TRUE,"dirichlet",0.1,300,100
"255",FALSE,"dirichlet",1,300,79
"256",TRUE,"dirichlet",1,300,100
"257",FALSE,"dirichlet",10,300,83
"258",TRUE,"dirichlet",10,300,100
"259",FALSE,"dirichlet",100,300,72
"260",TRUE,"dirichlet",100,300,100
"261",FALSE,"tree",0.01,400,100
"262",TRUE,"tree",0.01,400,100
"263",FALSE,"tree",0.1,400,100
"264",TRUE,"tree",0.1,400,100
"265",FALSE,"tree",1,400,100
"266",TRUE,"tree",1,400,100
"267",FALSE,"tree",10,400,100
"268",TRUE,"tree",10,400,100
"269",FALSE,"tree",100,400,99
"270",TRUE,"tree",100,400,100
"271",FALSE,"dirichlet",0.01,400,82
"272",TRUE,"dirichlet",0.01,400,100
"273",FALSE,"dirichlet",0.1,400,86
"274",TRUE,"dirichlet",0.1,400,100
"275",FALSE,"dirichlet",1,400,84
"276",TRUE,"dirichlet",1,400,100
"277",FALSE,"dirichlet",10,400,81
"278",TRUE,"dirichlet",10,400,100
"279",FALSE,"dirichlet",100,400,76
"280",TRUE,"dirichlet",100,400,99
"281",FALSE,"tree",0.01,500,100
"282",TRUE,"tree",0.01,500,100
"283",FALSE,"tree",0.1,500,99
"284",TRUE,"tree",0.1,500,100
"285",FALSE,"tree",1,500,100
"286",TRUE,"tree",1,500,100
"287",FALSE,"tree",10,500,100
"288",TRUE,"tree",10,500,100
"289",FALSE,"tree",100,500,100
"290",TRUE,"tree",100,500,100
"291",FALSE,"dirichlet",0.01,500,90
"292",TRUE,"dirichlet",0.01,500,100
"293",FALSE,"dirichlet",0.1,500,86
"294",TRUE,"dirichlet",0.1,500,100
"295",FALSE,"dirichlet",1,500,90
"296",TRUE,"dirichlet",1,500,100
"297",FALSE,"dirichlet",10,500,81
"298",TRUE,"dirichlet",10,500,100
"299",FALSE,"dirichlet",100,500,91
"300",TRUE,"dirichlet",100,500,100
"301",FALSE,"tree",0.01,600,100
"302",TRUE,"tree",0.01,600,100
"303",FALSE,"tree",0.1,600,100
"304",TRUE,"tree",0.1,600,100
"305",FALSE,"tree",1,600,100
"306",TRUE,"tree",1,600,100
"307",FALSE,"tree",10,600,100
"308",TRUE,"tree",10,600,100
"309",FALSE,"tree",100,600,100
"310",TRUE,"tree",100,600,100
"311",FALSE,"dirichlet",0.01,600,89
"312",TRUE,"dirichlet",0.01,600,100
"313",FALSE,"dirichlet",0.1,600,87
"314",TRUE,"dirichlet",0.1,600,100
"315",FALSE,"dirichlet",1,600,96
"316",TRUE,"dirichlet",1,600,100
"317",FALSE,"dirichlet",10,600,95
"318",TRUE,"dirichlet",10,600,100
"319",FALSE,"dirichlet",100,600,86
"320",TRUE,"dirichlet",100,600,100
"321",FALSE,"tree",0.01,700,100
"322",TRUE,"tree",0.01,700,100
"323",FALSE,"tree",0.1,700,100
"324",TRUE,"tree",0.1,700,100
"325",FALSE,"tree",1,700,100
"326",TRUE,"tree",1,700,100
"327",FALSE,"tree",10,700,100
"328",TRUE,"tree",10,700,100
"329",FALSE,"tree",100,700,100
"330",TRUE,"tree",100,700,100
"331",FALSE,"dirichlet",0.01,700,95
"332",TRUE,"dirichlet",0.01,700,100
"333",FALSE,"dirichlet",0.1,700,95
"334",TRUE,"dirichlet",0.1,700,100
"335",FALSE,"dirichlet",1,700,93
"336",TRUE,"dirichlet",1,700,100
"337",FALSE,"dirichlet",10,700,95
"338",TRUE,"dirichlet",10,700,100
"339",FALSE,"dirichlet",100,700,93
"340",TRUE,"dirichlet",100,700,100
"341",FALSE,"tree",0.01,800,100
"342",TRUE,"tree",0.01,800,100
"343",FALSE,"tree",0.1,800,100
"344",TRUE,"tree",0.1,800,100
"345",FALSE,"tree",1,800,100
"346",TRUE,"tree",1,800,100
"347",FALSE,"tree",10,800,100
"348",TRUE,"tree",10,800,100
"349",FALSE,"tree",100,800,100
"350",TRUE,"tree",100,800,100
"351",FALSE,"dirichlet",0.01,800,98
"352",TRUE,"dirichlet",0.01,800,100
"353",FALSE,"dirichlet",0.1,800,98
"354",TRUE,"dirichlet",0.1,800,100
"355",FALSE,"dirichlet",1,800,95
"356",TRUE,"dirichlet",1,800,100
"357",FALSE,"dirichlet",10,800,96
"358",TRUE,"dirichlet",10,800,100
"359",FALSE,"dirichlet",100,800,93
"360",TRUE,"dirichlet",100,800,100
"361",FALSE,"tree",0.01,900,100
"362",TRUE,"tree",0.01,900,100
"363",FALSE,"tree",0.1,900,100
"364",TRUE,"tree",0.1,900,100
"365",FALSE,"tree",1,900,100
"366",TRUE,"tree",1,900,100
"367",FALSE,"tree",10,900,100
"368",TRUE,"tree",10,900,100
"369",FALSE,"tree",100,900,100
"370",TRUE,"tree",100,900,100
"371",FALSE,"dirichlet",0.01,900,96
"372",TRUE,"dirichlet",0.01,900,100
"373",FALSE,"dirichlet",0.1,900,99
"374",TRUE,"dirichlet",0.1,900,100
"375",FALSE,"dirichlet",1,900,100
"376",TRUE,"dirichlet",1,900,100
"377",FALSE,"dirichlet",10,900,98
"378",TRUE,"dirichlet",10,900,100
"379",FALSE,"dirichlet",100,900,98
"380",TRUE,"dirichlet",100,900,100
"381",FALSE,"tree",0.01,1000,100
"382",TRUE,"tree",0.01,1000,100
"383",FALSE,"tree",0.1,1000,100
"384",TRUE,"tree",0.1,1000,100
"385",FALSE,"tree",1,1000,100
"386",TRUE,"tree",1,1000,100
"387",FALSE,"tree",10,1000,100
"388",TRUE,"tree",10,1000,100
"389",FALSE,"tree",100,1000,100
"390",TRUE,"tree",100,1000,100
"391",FALSE,"dirichlet",0.01,1000,98
"392",TRUE,"dirichlet",0.01,1000,100
"393",FALSE,"dirichlet",0.1,1000,97
"394",TRUE,"dirichlet",0.1,1000,100
"395",FALSE,"dirichlet",1,1000,99
"396",TRUE,"dirichlet",1,1000,100
"397",FALSE,"dirichlet",10,1000,95
"398",TRUE,"dirichlet",10,1000,100
"399",FALSE,"dirichlet",100,1000,96
"400",TRUE,"dirichlet",100,1000,100
"401",FALSE,"tree",0.01,100,97
"402",TRUE,"tree",0.01,100,100
"403",FALSE,"tree",0.1,100,99
"404",TRUE,"tree",0.1,100,100
"405",FALSE,"tree",1,100,99
"406",TRUE,"tree",1,100,100
"407",FALSE,"tree",10,100,97
"408",TRUE,"tree",10,100,99
"409",FALSE,"tree",100,100,79
"410",TRUE,"tree",100,100,88
"411",FALSE,"dirichlet",0.01,100,54
"412",TRUE,"dirichlet",0.01,100,81
"413",FALSE,"dirichlet",0.1,100,45
"414",TRUE,"dirichlet",0.1,100,78
"415",FALSE,"dirichlet",1,100,45
"416",TRUE,"dirichlet",1,100,79
"417",FALSE,"dirichlet",10,100,55
"418",TRUE,"dirichlet",10,100,82
"419",FALSE,"dirichlet",100,100,39
"420",TRUE,"dirichlet",100,100,74
"421",FALSE,"tree",0.01,200,100
"422",TRUE,"tree",0.01,200,100
"423",FALSE,"tree",0.1,200,100
"424",TRUE,"tree",0.1,200,100
"425",FALSE,"tree",1,200,100
"426",TRUE,"tree",1,200,100
"427",FALSE,"tree",10,200,100
"428",TRUE,"tree",10,200,100
"429",FALSE,"tree",100,200,96
"430",TRUE,"tree",100,200,100
"431",FALSE,"dirichlet",0.01,200,61
"432",TRUE,"dirichlet",0.01,200,97
"433",FALSE,"dirichlet",0.1,200,66
"434",TRUE,"dirichlet",0.1,200,99
"435",FALSE,"dirichlet",1,200,60
"436",TRUE,"dirichlet",1,200,99
"437",FALSE,"dirichlet",10,200,69
"438",TRUE,"dirichlet",10,200,96
"439",FALSE,"dirichlet",100,200,63
"440",TRUE,"dirichlet",100,200,96
"441",FALSE,"tree",0.01,300,100
"442",TRUE,"tree",0.01,300,100
"443",FALSE,"tree",0.1,300,100
"444",TRUE,"tree",0.1,300,100
"445",FALSE,"tree",1,300,100
"446",TRUE,"tree",1,300,100
"447",FALSE,"tree",10,300,100
"448",TRUE,"tree",10,300,100
"449",FALSE,"tree",100,300,100
"450",TRUE,"tree",100,300,100
"451",FALSE,"dirichlet",0.01,300,81
"452",TRUE,"dirichlet",0.01,300,100
"453",FALSE,"dirichlet",0.1,300,80
"454",TRUE,"dirichlet",0.1,300,100
"455",FALSE,"dirichlet",1,300,82
"456",TRUE,"dirichlet",1,300,100
"457",FALSE,"dirichlet",10,300,85
"458",TRUE,"dirichlet",10,300,100
"459",FALSE,"dirichlet",100,300,84
"460",TRUE,"dirichlet",100,300,100
"461",FALSE,"tree",0.01,400,100
"462",TRUE,"tree",0.01,400,100
"463",FALSE,"tree",0.1,400,100
"464",TRUE,"tree",0.1,400,100
"465",FALSE,"tree",1,400,100
"466",TRUE,"tree",1,400,100
"467",FALSE,"tree",10,400,100
"468",TRUE,"tree",10,400,100
"469",FALSE,"tree",100,400,100
"470",TRUE,"tree",100,400,100
"471",FALSE,"dirichlet",0.01,400,85
"472",TRUE,"dirichlet",0.01,400,100
"473",FALSE,"dirichlet",0.1,400,86
"474",TRUE,"dirichlet",0.1,400,100
"475",FALSE,"dirichlet",1,400,81
"476",TRUE,"dirichlet",1,400,100
"477",FALSE,"dirichlet",10,400,82
"478",TRUE,"dirichlet",10,400,100
"479",FALSE,"dirichlet",100,400,81
"480",TRUE,"dirichlet",100,400,100
"481",FALSE,"tree",0.01,500,100
"482",TRUE,"tree",0.01,500,100
"483",FALSE,"tree",0.1,500,100
"484",TRUE,"tree",0.1,500,100
"485",FALSE,"tree",1,500,100
"486",TRUE,"tree",1,500,100
"487",FALSE,"tree",10,500,100
"488",TRUE,"tree",10,500,100
"489",FALSE,"tree",100,500,100
"490",TRUE,"tree",100,500,100
"491",FALSE,"dirichlet",0.01,500,92
"492",TRUE,"dirichlet",0.01,500,100
"493",FALSE,"dirichlet",0.1,500,91
"494",TRUE,"dirichlet",0.1,500,100
"495",FALSE,"dirichlet",1,500,87
"496",TRUE,"dirichlet",1,500,100
"497",FALSE,"dirichlet",10,500,92
"498",TRUE,"dirichlet",10,500,100
"499",FALSE,"dirichlet",100,500,88
"500",TRUE,"dirichlet",100,500,100
"501",FALSE,"tree",0.01,600,100
"502",TRUE,"tree",0.01,600,100
"503",FALSE,"tree",0.1,600,100
"504",TRUE,"tree",0.1,600,100
"505",FALSE,"tree",1,600,100
"506",TRUE,"tree",1,600,100
"507",FALSE,"tree",10,600,100
"508",TRUE,"tree",10,600,100
"509",FALSE,"tree",100,600,100
"510",TRUE,"tree",100,600,100
"511",FALSE,"dirichlet",0.01,600,92
"512",TRUE,"dirichlet",0.01,600,100
"513",FALSE,"dirichlet",0.1,600,93
"514",TRUE,"dirichlet",0.1,600,100
"515",FALSE,"dirichlet",1,600,93
"516",TRUE,"dirichlet",1,600,100
"517",FALSE,"dirichlet",10,600,96
"518",TRUE,"dirichlet",10,600,100
"519",FALSE,"dirichlet",100,600,95
"520",TRUE,"dirichlet",100,600,100
"521",FALSE,"tree",0.01,700,100
"522",TRUE,"tree",0.01,700,100
"523",FALSE,"tree",0.1,700,100
"524",TRUE,"tree",0.1,700,100
"525",FALSE,"tree",1,700,100
"526",TRUE,"tree",1,700,100
"527",FALSE,"tree",10,700,100
"528",TRUE,"tree",10,700,100
"529",FALSE,"tree",100,700,100
"530",TRUE,"tree",100,700,100
"531",FALSE,"dirichlet",0.01,700,95
"532",TRUE,"dirichlet",0.01,700,100
"533",FALSE,"dirichlet",0.1,700,93
"534",TRUE,"dirichlet",0.1,700,100
"535",FALSE,"dirichlet",1,700,99
"536",TRUE,"dirichlet",1,700,100
"537",FALSE,"dirichlet",10,700,95
"538",TRUE,"dirichlet",10,700,100
"539",FALSE,"dirichlet",100,700,95
"540",TRUE,"dirichlet",100,700,100
"541",FALSE,"tree",0.01,800,100
"542",TRUE,"tree",0.01,800,100
"543",FALSE,"tree",0.1,800,100
"544",TRUE,"tree",0.1,800,100
"545",FALSE,"tree",1,800,100
"546",TRUE,"tree",1,800,100
"547",FALSE,"tree",10,800,100
"548",TRUE,"tree",10,800,100
"549",FALSE,"tree",100,800,100
"550",TRUE,"tree",100,800,100
"551",FALSE,"dirichlet",0.01,800,96
"552",TRUE,"dirichlet",0.01,800,100
"553",FALSE,"dirichlet",0.1,800,98
"554",TRUE,"dirichlet",0.1,800,100
"555",FALSE,"dirichlet",1,800,98
"556",TRUE,"dirichlet",1,800,100
"557",FALSE,"dirichlet",10,800,96
"558",TRUE,"dirichlet",10,800,100
"559",FALSE,"dirichlet",100,800,95
"560",TRUE,"dirichlet",100,800,100
"561",FALSE,"tree",0.01,900,100
"562",TRUE,"tree",0.01,900,100
"563",FALSE,"tree",0.1,900,100
"564",TRUE,"tree",0.1,900,100
"565",FALSE,"tree",1,900,100
"566",TRUE,"tree",1,900,100
"567",FALSE,"tree",10,900,100
"568",TRUE,"tree",10,900,100
"569",FALSE,"tree",100,900,100
"570",TRUE,"tree",100,900,100
"571",FALSE,"dirichlet",0.01,900,96
"572",TRUE,"dirichlet",0.01,900,100
"573",FALSE,"dirichlet",0.1,900,98
"574",TRUE,"dirichlet",0.1,900,100
"575",FALSE,"dirichlet",1,900,98
"576",TRUE,"dirichlet",1,900,100
"577",FALSE,"dirichlet",10,900,99
"578",TRUE,"dirichlet",10,900,100
"579",FALSE,"dirichlet",100,900,99
"580",TRUE,"dirichlet",100,900,100
"581",FALSE,"tree",0.01,1000,100
"582",TRUE,"tree",0.01,1000,100
"583",FALSE,"tree",0.1,1000,100
"584",TRUE,"tree",0.1,1000,100
"585",FALSE,"tree",1,1000,100
"586",TRUE,"tree",1,1000,100
"587",FALSE,"tree",10,1000,100
"588",TRUE,"tree",10,1000,100
"589",FALSE,"tree",100,1000,100
"590",TRUE,"tree",100,1000,100
"591",FALSE,"dirichlet",0.01,1000,99
"592",TRUE,"dirichlet",0.01,1000,100
"593",FALSE,"dirichlet",0.1,1000,100
"594",TRUE,"dirichlet",0.1,1000,100
"595",FALSE,"dirichlet",1,1000,99
"596",TRUE,"dirichlet",1,1000,100
"597",FALSE,"dirichlet",10,1000,99
"598",TRUE,"dirichlet",10,1000,100
"599",FALSE,"dirichlet",100,1000,99
"600",TRUE,"dirichlet",100,1000,100
"601",FALSE,"tree",0.01,100,100
"602",TRUE,"tree",0.01,100,100
"603",FALSE,"tree",0.1,100,100
"604",TRUE,"tree",0.1,100,100
"605",FALSE,"tree",1,100,100
"606",TRUE,"tree",1,100,100
"607",FALSE,"tree",10,100,100
"608",TRUE,"tree",10,100,100
"609",FALSE,"tree",100,100,95
"610",TRUE,"tree",100,100,100
"611",FALSE,"dirichlet",0.01,100,62
"612",TRUE,"dirichlet",0.01,100,94
"613",FALSE,"dirichlet",0.1,100,59
"614",TRUE,"dirichlet",0.1,100,95
"615",FALSE,"dirichlet",1,100,64
"616",TRUE,"dirichlet",1,100,94
"617",FALSE,"dirichlet",10,100,56
"618",TRUE,"dirichlet",10,100,93
"619",FALSE,"dirichlet",100,100,64
"620",TRUE,"dirichlet",100,100,91
"621",FALSE,"tree",0.01,200,98
"622",TRUE,"tree",0.01,200,100
"623",FALSE,"tree",0.1,200,100
"624",TRUE,"tree",0.1,200,100
"625",FALSE,"tree",1,200,100
"626",TRUE,"tree",1,200,100
"627",FALSE,"tree",10,200,97
"628",TRUE,"tree",10,200,100
"629",FALSE,"tree",100,200,95
"630",TRUE,"tree",100,200,100
"631",FALSE,"dirichlet",0.01,200,70
"632",TRUE,"dirichlet",0.01,200,94
"633",FALSE,"dirichlet",0.1,200,62
"634",TRUE,"dirichlet",0.1,200,94
"635",FALSE,"dirichlet",1,200,60
"636",TRUE,"dirichlet",1,200,92
"637",FALSE,"dirichlet",10,200,65
"638",TRUE,"dirichlet",10,200,96
"639",FALSE,"dirichlet",100,200,60
"640",TRUE,"dirichlet",100,200,96
"641",FALSE,"tree",0.01,300,100
"642",TRUE,"tree",0.01,300,100
"643",FALSE,"tree",0.1,300,100
"644",TRUE,"tree",0.1,300,100
"645",FALSE,"tree",1,300,100
"646",TRUE,"tree",1,300,100
"647",FALSE,"tree",10,300,100
"648",TRUE,"tree",10,300,100
"649",FALSE,"tree",100,300,94
"650",TRUE,"tree",100,300,100
"651",FALSE,"dirichlet",0.01,300,73
"652",TRUE,"dirichlet",0.01,300,100
"653",FALSE,"dirichlet",0.1,300,73
"654",TRUE,"dirichlet",0.1,300,99
"655",FALSE,"dirichlet",1,300,75
"656",TRUE,"dirichlet",1,300,100
"657",FALSE,"dirichlet",10,300,77
"658",TRUE,"dirichlet",10,300,100
"659",FALSE,"dirichlet",100,300,79
"660",TRUE,"dirichlet",100,300,100
"661",FALSE,"tree",0.01,400,100
"662",TRUE,"tree",0.01,400,100
"663",FALSE,"tree",0.1,400,100
"664",TRUE,"tree",0.1,400,100
"665",FALSE,"tree",1,400,100
"666",TRUE,"tree",1,400,100
"667",FALSE,"tree",10,400,100
"668",TRUE,"tree",10,400,100
"669",FALSE,"tree",100,400,100
"670",TRUE,"tree",100,400,100
"671",FALSE,"dirichlet",0.01,400,91
"672",TRUE,"dirichlet",0.01,400,100
"673",FALSE,"dirichlet",0.1,400,79
"674",TRUE,"dirichlet",0.1,400,100
"675",FALSE,"dirichlet",1,400,86
"676",TRUE,"dirichlet",1,400,100
"677",FALSE,"dirichlet",10,400,85
"678",TRUE,"dirichlet",10,400,100
"679",FALSE,"dirichlet",100,400,88
"680",TRUE,"dirichlet",100,400,100
"681",FALSE,"tree",0.01,500,100
"682",TRUE,"tree",0.01,500,100
"683",FALSE,"tree",0.1,500,100
"684",TRUE,"tree",0.1,500,100
"685",FALSE,"tree",1,500,100
"686",TRUE,"tree",1,500,100
"687",FALSE,"tree",10,500,100
"688",TRUE,"tree",10,500,100
"689",FALSE,"tree",100,500,100
"690",TRUE,"tree",100,500,100
"691",FALSE,"dirichlet",0.01,500,95
"692",TRUE,"dirichlet",0.01,500,100
"693",FALSE,"dirichlet",0.1,500,95
"694",TRUE,"dirichlet",0.1,500,100
"695",FALSE,"dirichlet",1,500,94
"696",TRUE,"dirichlet",1,500,100
"697",FALSE,"dirichlet",10,500,93
"698",TRUE,"dirichlet",10,500,100
"699",FALSE,"dirichlet",100,500,94
"700",TRUE,"dirichlet",100,500,100
"701",FALSE,"tree",0.01,600,100
"702",TRUE,"tree",0.01,600,100
"703",FALSE,"tree",0.1,600,100
"704",TRUE,"tree",0.1,600,100
"705",FALSE,"tree",1,600,100
"706",TRUE,"tree",1,600,100
"707",FALSE,"tree",10,600,100
"708",TRUE,"tree",10,600,100
"709",FALSE,"tree",100,600,100
"710",TRUE,"tree",100,600,100
"711",FALSE,"dirichlet",0.01,600,93
"712",TRUE,"dirichlet",0.01,600,100
"713",FALSE,"dirichlet",0.1,600,98
"714",TRUE,"dirichlet",0.1,600,100
"715",FALSE,"dirichlet",1,600,97
"716",TRUE,"dirichlet",1,600,100
"717",FALSE,"dirichlet",10,600,96
"718",TRUE,"dirichlet",10,600,100
"719",FALSE,"dirichlet",100,600,92
"720",TRUE,"dirichlet",100,600,100
"721",FALSE,"tree",0.01,700,100
"722",TRUE,"tree",0.01,700,100
"723",FALSE,"tree",0.1,700,100
"724",TRUE,"tree",0.1,700,100
"725",FALSE,"tree",1,700,100
"726",TRUE,"tree",1,700,100
"727",FALSE,"tree",10,700,100
"728",TRUE,"tree",10,700,100
"729",FALSE,"tree",100,700,100
"730",TRUE,"tree",100,700,100
"731",FALSE,"dirichlet",0.01,700,93
"732",TRUE,"dirichlet",0.01,700,100
"733",FALSE,"dirichlet",0.1,700,95
"734",TRUE,"dirichlet",0.1,700,100
"735",FALSE,"dirichlet",1,700,94
"736",TRUE,"dirichlet",1,700,100
"737",FALSE,"dirichlet",10,700,98
"738",TRUE,"dirichlet",10,700,100
"739",FALSE,"dirichlet",100,700,94
"740",TRUE,"dirichlet",100,700,100
"741",FALSE,"tree",0.01,800,100
"742",TRUE,"tree",0.01,800,100
"743",FALSE,"tree",0.1,800,100
"744",TRUE,"tree",0.1,800,100
"745",FALSE,"tree",1,800,100
"746",TRUE,"tree",1,800,100
"747",FALSE,"tree",10,800,100
"748",TRUE,"tree",10,800,100
"749",FALSE,"tree",100,800,100
"750",TRUE,"tree",100,800,100
"751",FALSE,"dirichlet",0.01,800,100
"752",TRUE,"dirichlet",0.01,800,100
"753",FALSE,"dirichlet",0.1,800,96
"754",TRUE,"dirichlet",0.1,800,100
"755",FALSE,"dirichlet",1,800,97
"756",TRUE,"dirichlet",1,800,100
"757",FALSE,"dirichlet",10,800,99
"758",TRUE,"dirichlet",10,800,100
"759",FALSE,"dirichlet",100,800,97
"760",TRUE,"dirichlet",100,800,100
"761",FALSE,"tree",0.01,900,100
"762",TRUE,"tree",0.01,900,100
"763",FALSE,"tree",0.1,900,100
"764",TRUE,"tree",0.1,900,100
"765",FALSE,"tree",1,900,100
"766",TRUE,"tree",1,900,100
"767",FALSE,"tree",10,900,100
"768",TRUE,"tree",10,900,100
"769",FALSE,"tree",100,900,100
"770",TRUE,"tree",100,900,100
"771",FALSE,"dirichlet",0.01,900,98
"772",TRUE,"dirichlet",0.01,900,100
"773",FALSE,"dirichlet",0.1,900,95
"774",TRUE,"dirichlet",0.1,900,100
"775",FALSE,"dirichlet",1,900,97
"776",TRUE,"dirichlet",1,900,100
"777",FALSE,"dirichlet",10,900,99
"778",TRUE,"dirichlet",10,900,100
"779",FALSE,"dirichlet",100,900,98
"780",TRUE,"dirichlet",100,900,100
"781",FALSE,"tree",0.01,1000,100
"782",TRUE,"tree",0.01,1000,100
"783",FALSE,"tree",0.1,1000,100
"784",TRUE,"tree",0.1,1000,100
"785",FALSE,"tree",1,1000,100
"786",TRUE,"tree",1,1000,100
"787",FALSE,"tree",10,1000,100
"788",TRUE,"tree",10,1000,100
"789",FALSE,"tree",100,1000,100
"790",TRUE,"tree",100,1000,100
"791",FALSE,"dirichlet",0.01,1000,98
"792",TRUE,"dirichlet",0.01,1000,100
"793",FALSE,"dirichlet",0.1,1000,99
"794",TRUE,"dirichlet",0.1,1000,100
"795",FALSE,"dirichlet",1,1000,99
"796",TRUE,"dirichlet",1,1000,100
"797",FALSE,"dirichlet",10,1000,95
"798",TRUE,"dirichlet",10,1000,100
"799",FALSE,"dirichlet",100,1000,99
"800",TRUE,"dirichlet",100,1000,100
"801",FALSE,"tree",0.01,100,82
"802",TRUE,"tree",0.01,100,87
"803",FALSE,"tree",0.1,100,89
"804",TRUE,"tree",0.1,100,90
"805",FALSE,"tree",1,100,84
"806",TRUE,"tree",1,100,89
"807",FALSE,"tree",10,100,89
"808",TRUE,"tree",10,100,86
"809",FALSE,"tree",100,100,72
"810",TRUE,"tree",100,100,77
"811",FALSE,"dirichlet",0.01,100,49
"812",TRUE,"dirichlet",0.01,100,68
"813",FALSE,"dirichlet",0.1,100,54
"814",TRUE,"dirichlet",0.1,100,74
"815",FALSE,"dirichlet",1,100,50
"816",TRUE,"dirichlet",1,100,66
"817",FALSE,"dirichlet",10,100,47
"818",TRUE,"dirichlet",10,100,66
"819",FALSE,"dirichlet",100,100,51
"820",TRUE,"dirichlet",100,100,59
"821",FALSE,"tree",0.01,200,97
"822",TRUE,"tree",0.01,200,99
"823",FALSE,"tree",0.1,200,98
"824",TRUE,"tree",0.1,200,100
"825",FALSE,"tree",1,200,98
"826",TRUE,"tree",1,200,98
"827",FALSE,"tree",10,200,98
"828",TRUE,"tree",10,200,99
"829",FALSE,"tree",100,200,84
"830",TRUE,"tree",100,200,95
"831",FALSE,"dirichlet",0.01,200,67
"832",TRUE,"dirichlet",0.01,200,91
"833",FALSE,"dirichlet",0.1,200,59
"834",TRUE,"dirichlet",0.1,200,95
"835",FALSE,"dirichlet",1,200,63
"836",TRUE,"dirichlet",1,200,97
"837",FALSE,"dirichlet",10,200,65
"838",TRUE,"dirichlet",10,200,89
"839",FALSE,"dirichlet",100,200,67
"840",TRUE,"dirichlet",100,200,83
"841",FALSE,"tree",0.01,300,99
"842",TRUE,"tree",0.01,300,100
"843",FALSE,"tree",0.1,300,98
"844",TRUE,"tree",0.1,300,100
"845",FALSE,"tree",1,300,99
"846",TRUE,"tree",1,300,100
"847",FALSE,"tree",10,300,99
"848",TRUE,"tree",10,300,100
"849",FALSE,"tree",100,300,98
"850",TRUE,"tree",100,300,99
"851",FALSE,"dirichlet",0.01,300,71
"852",TRUE,"dirichlet",0.01,300,98
"853",FALSE,"dirichlet",0.1,300,69
"854",TRUE,"dirichlet",0.1,300,97
"855",FALSE,"dirichlet",1,300,69
"856",TRUE,"dirichlet",1,300,99
"857",FALSE,"dirichlet",10,300,75
"858",TRUE,"dirichlet",10,300,100
"859",FALSE,"dirichlet",100,300,71
"860",TRUE,"dirichlet",100,300,97
"861",FALSE,"tree",0.01,400,100
"862",TRUE,"tree",0.01,400,100
"863",FALSE,"tree",0.1,400,100
"864",TRUE,"tree",0.1,400,100
"865",FALSE,"tree",1,400,100
"866",TRUE,"tree",1,400,100
"867",FALSE,"tree",10,400,99
"868",TRUE,"tree",10,400,100
"869",FALSE,"tree",100,400,99
"870",TRUE,"tree",100,400,100
"871",FALSE,"dirichlet",0.01,400,79
"872",TRUE,"dirichlet",0.01,400,100
"873",FALSE,"dirichlet",0.1,400,80
"874",TRUE,"dirichlet",0.1,400,100
"875",FALSE,"dirichlet",1,400,83
"876",TRUE,"dirichlet",1,400,100
"877",FALSE,"dirichlet",10,400,87
"878",TRUE,"dirichlet",10,400,100
"879",FALSE,"dirichlet",100,400,80
"880",TRUE,"dirichlet",100,400,100
"881",FALSE,"tree",0.01,500,100
"882",TRUE,"tree",0.01,500,100
"883",FALSE,"tree",0.1,500,100
"884",TRUE,"tree",0.1,500,100
"885",FALSE,"tree",1,500,100
"886",TRUE,"tree",1,500,100
"887",FALSE,"tree",10,500,100
"888",TRUE,"tree",10,500,100
"889",FALSE,"tree",100,500,100
"890",TRUE,"tree",100,500,100
"891",FALSE,"dirichlet",0.01,500,83
"892",TRUE,"dirichlet",0.01,500,100
"893",FALSE,"dirichlet",0.1,500,86
"894",TRUE,"dirichlet",0.1,500,100
"895",FALSE,"dirichlet",1,500,85
"896",TRUE,"dirichlet",1,500,100
"897",FALSE,"dirichlet",10,500,84
"898",TRUE,"dirichlet",10,500,100
"899",FALSE,"dirichlet",100,500,87
"900",TRUE,"dirichlet",100,500,100
"901",FALSE,"tree",0.01,600,100
"902",TRUE,"tree",0.01,600,100
"903",FALSE,"tree",0.1,600,100
"904",TRUE,"tree",0.1,600,100
"905",FALSE,"tree",1,600,100
"906",TRUE,"tree",1,600,100
"907",FALSE,"tree",10,600,100
"908",TRUE,"tree",10,600,100
"909",FALSE,"tree",100,600,100
"910",TRUE,"tree",100,600,100
"911",FALSE,"dirichlet",0.01,600,88
"912",TRUE,"dirichlet",0.01,600,100
"913",FALSE,"dirichlet",0.1,600,94
"914",TRUE,"dirichlet",0.1,600,100
"915",FALSE,"dirichlet",1,600,92
"916",TRUE,"dirichlet",1,600,100
"917",FALSE,"dirichlet",10,600,89
"918",TRUE,"dirichlet",10,600,100
"919",FALSE,"dirichlet",100,600,89
"920",TRUE,"dirichlet",100,600,100
"921",FALSE,"tree",0.01,700,100
"922",TRUE,"tree",0.01,700,100
"923",FALSE,"tree",0.1,700,100
"924",TRUE,"tree",0.1,700,100
"925",FALSE,"tree",1,700,100
"926",TRUE,"tree",1,700,100
"927",FALSE,"tree",10,700,100
"928",TRUE,"tree",10,700,100
"929",FALSE,"tree",100,700,100
"930",TRUE,"tree",100,700,100
"931",FALSE,"dirichlet",0.01,700,97
"932",TRUE,"dirichlet",0.01,700,100
"933",FALSE,"dirichlet",0.1,700,92
"934",TRUE,"dirichlet",0.1,700,100
"935",FALSE,"dirichlet",1,700,94
"936",TRUE,"dirichlet",1,700,100
"937",FALSE,"dirichlet",10,700,91
"938",TRUE,"dirichlet",10,700,100
"939",FALSE,"dirichlet",100,700,95
"940",TRUE,"dirichlet",100,700,100
"941",FALSE,"tree",0.01,800,100
"942",TRUE,"tree",0.01,800,100
"943",FALSE,"tree",0.1,800,100
"944",TRUE,"tree",0.1,800,100
"945",FALSE,"tree",1,800,100
"946",TRUE,"tree",1,800,100
"947",FALSE,"tree",10,800,100
"948",TRUE,"tree",10,800,100
"949",FALSE,"tree",100,800,100
"950",TRUE,"tree",100,800,100
"951",FALSE,"dirichlet",0.01,800,96
"952",TRUE,"dirichlet",0.01,800,100
"953",FALSE,"dirichlet",0.1,800,97
"954",TRUE,"dirichlet",0.1,800,100
"955",FALSE,"dirichlet",1,800,98
"956",TRUE,"dirichlet",1,800,100
"957",FALSE,"dirichlet",10,800,97
"958",TRUE,"dirichlet",10,800,100
"959",FALSE,"dirichlet",100,800,99
"960",TRUE,"dirichlet",100,800,100
"961",FALSE,"tree",0.01,900,100
"962",TRUE,"tree",0.01,900,100
"963",FALSE,"tree",0.1,900,100
"964",TRUE,"tree",0.1,900,100
"965",FALSE,"tree",1,900,100
"966",TRUE,"tree",1,900,100
"967",FALSE,"tree",10,900,100
"968",TRUE,"tree",10,900,100
"969",FALSE,"tree",100,900,100
"970",TRUE,"tree",100,900,100
"971",FALSE,"dirichlet",0.01,900,100
"972",TRUE,"dirichlet",0.01,900,100
"973",FALSE,"dirichlet",0.1,900,100
"974",TRUE,"dirichlet",0.1,900,100
"975",FALSE,"dirichlet",1,900,99
"976",TRUE,"dirichlet",1,900,100
"977",FALSE,"dirichlet",10,900,95
"978",TRUE,"dirichlet",10,900,100
"979",FALSE,"dirichlet",100,900,95
"980",TRUE,"dirichlet",100,900,100
"981",FALSE,"tree",0.01,1000,100
"982",TRUE,"tree",0.01,1000,100
"983",FALSE,"tree",0.1,1000,100
"984",TRUE,"tree",0.1,1000,100
"985",FALSE,"tree",1,1000,100
"986",TRUE,"tree",1,1000,100
"987",FALSE,"tree",10,1000,100
"988",TRUE,"tree",10,1000,100
"989",FALSE,"tree",100,1000,100
"990",TRUE,"tree",100,1000,100
"991",FALSE,"dirichlet",0.01,1000,99
"992",TRUE,"dirichlet",0.01,1000,100
"993",FALSE,"dirichlet",0.1,1000,98
"994",TRUE,"dirichlet",0.1,1000,100
"995",FALSE,"dirichlet",1,1000,100
"996",TRUE,"dirichlet",1,1000,100
"997",FALSE,"dirichlet",10,1000,99
"998",TRUE,"dirichlet",10,1000,100
"999",FALSE,"dirichlet",100,1000,100
"1000",TRUE,"dirichlet",100,1000,100
"1001",FALSE,"tree",0.01,100,100
"1002",TRUE,"tree",0.01,100,100
"1003",FALSE,"tree",0.1,100,99
"1004",TRUE,"tree",0.1,100,100
"1005",FALSE,"tree",1,100,100
"1006",TRUE,"tree",1,100,100
"1007",FALSE,"tree",10,100,100
"1008",TRUE,"tree",10,100,100
"1009",FALSE,"tree",100,100,88
"1010",TRUE,"tree",100,100,95
"1011",FALSE,"dirichlet",0.01,100,53
"1012",TRUE,"dirichlet",0.01,100,90
"1013",FALSE,"dirichlet",0.1,100,60
"1014",TRUE,"dirichlet",0.1,100,88
"1015",FALSE,"dirichlet",1,100,59
"1016",TRUE,"dirichlet",1,100,89
"1017",FALSE,"dirichlet",10,100,49
"1018",TRUE,"dirichlet",10,100,89
"1019",FALSE,"dirichlet",100,100,60
"1020",TRUE,"dirichlet",100,100,86
"1021",FALSE,"tree",0.01,200,99
"1022",TRUE,"tree",0.01,200,100
"1023",FALSE,"tree",0.1,200,100
"1024",TRUE,"tree",0.1,200,100
"1025",FALSE,"tree",1,200,100
"1026",TRUE,"tree",1,200,100
"1027",FALSE,"tree",10,200,100
"1028",TRUE,"tree",10,200,100
"1029",FALSE,"tree",100,200,97
"1030",TRUE,"tree",100,200,99
"1031",FALSE,"dirichlet",0.01,200,69
"1032",TRUE,"dirichlet",0.01,200,95
"1033",FALSE,"dirichlet",0.1,200,59
"1034",TRUE,"dirichlet",0.1,200,98
"1035",FALSE,"dirichlet",1,200,65
"1036",TRUE,"dirichlet",1,200,97
"1037",FALSE,"dirichlet",10,200,68
"1038",TRUE,"dirichlet",10,200,94
"1039",FALSE,"dirichlet",100,200,62
"1040",TRUE,"dirichlet",100,200,95
"1041",FALSE,"tree",0.01,300,100
"1042",TRUE,"tree",0.01,300,100
"1043",FALSE,"tree",0.1,300,100
"1044",TRUE,"tree",0.1,300,100
"1045",FALSE,"tree",1,300,100
"1046",TRUE,"tree",1,300,100
"1047",FALSE,"tree",10,300,100
"1048",TRUE,"tree",10,300,100
"1049",FALSE,"tree",100,300,98
"1050",TRUE,"tree",100,300,100
"1051",FALSE,"dirichlet",0.01,300,75
"1052",TRUE,"dirichlet",0.01,300,99
"1053",FALSE,"dirichlet",0.1,300,80
"1054",TRUE,"dirichlet",0.1,300,100
"1055",FALSE,"dirichlet",1,300,71
"1056",TRUE,"dirichlet",1,300,99
"1057",FALSE,"dirichlet",10,300,75
"1058",TRUE,"dirichlet",10,300,100
"1059",FALSE,"dirichlet",100,300,78
"1060",TRUE,"dirichlet",100,300,100
"1061",FALSE,"tree",0.01,400,100
"1062",TRUE,"tree",0.01,400,100
"1063",FALSE,"tree",0.1,400,100
"1064",TRUE,"tree",0.1,400,100
"1065",FALSE,"tree",1,400,100
"1066",TRUE,"tree",1,400,100
"1067",FALSE,"tree",10,400,100
"1068",TRUE,"tree",10,400,100
"1069",FALSE,"tree",100,400,100
"1070",TRUE,"tree",100,400,100
"1071",FALSE,"dirichlet",0.01,400,87
"1072",TRUE,"dirichlet",0.01,400,100
"1073",FALSE,"dirichlet",0.1,400,90
"1074",TRUE,"dirichlet",0.1,400,100
"1075",FALSE,"dirichlet",1,400,86
"1076",TRUE,"dirichlet",1,400,100
"1077",FALSE,"dirichlet",10,400,93
"1078",TRUE,"dirichlet",10,400,100
"1079",FALSE,"dirichlet",100,400,88
"1080",TRUE,"dirichlet",100,400,100
"1081",FALSE,"tree",0.01,500,100
"1082",TRUE,"tree",0.01,500,100
"1083",FALSE,"tree",0.1,500,100
"1084",TRUE,"tree",0.1,500,100
"1085",FALSE,"tree",1,500,100
"1086",TRUE,"tree",1,500,100
"1087",FALSE,"tree",10,500,100
"1088",TRUE,"tree",10,500,100
"1089",FALSE,"tree",100,500,100
"1090",TRUE,"tree",100,500,100
"1091",FALSE,"dirichlet",0.01,500,92
"1092",TRUE,"dirichlet",0.01,500,100
"1093",FALSE,"dirichlet",0.1,500,94
"1094",TRUE,"dirichlet",0.1,500,100
"1095",FALSE,"dirichlet",1,500,92
"1096",TRUE,"dirichlet",1,500,100
"1097",FALSE,"dirichlet",10,500,97
"1098",TRUE,"dirichlet",10,500,100
"1099",FALSE,"dirichlet",100,500,92
"1100",TRUE,"dirichlet",100,500,100
"1101",FALSE,"tree",0.01,600,100
"1102",TRUE,"tree",0.01,600,100
"1103",FALSE,"tree",0.1,600,100
"1104",TRUE,"tree",0.1,600,100
"1105",FALSE,"tree",1,600,100
"1106",TRUE,"tree",1,600,100
"1107",FALSE,"tree",10,600,100
"1108",TRUE,"tree",10,600,100
"1109",FALSE,"tree",100,600,100
"1110",TRUE,"tree",100,600,100
"1111",FALSE,"dirichlet",0.01,600,93
"1112",TRUE,"dirichlet",0.01,600,100
"1113",FALSE,"dirichlet",0.1,600,92
"1114",TRUE,"dirichlet",0.1,600,100
"1115",FALSE,"dirichlet",1,600,97
"1116",TRUE,"dirichlet",1,600,100
"1117",FALSE,"dirichlet",10,600,97
"1118",TRUE,"dirichlet",10,600,100
"1119",FALSE,"dirichlet",100,600,90
"1120",TRUE,"dirichlet",100,600,100
"1121",FALSE,"tree",0.01,700,100
"1122",TRUE,"tree",0.01,700,100
"1123",FALSE,"tree",0.1,700,100
"1124",TRUE,"tree",0.1,700,100
"1125",FALSE,"tree",1,700,100
"1126",TRUE,"tree",1,700,100
"1127",FALSE,"tree",10,700,100
"1128",TRUE,"tree",10,700,100
"1129",FALSE,"tree",100,700,100
"1130",TRUE,"tree",100,700,100
"1131",FALSE,"dirichlet",0.01,700,93
"1132",TRUE,"dirichlet",0.01,700,100
"1133",FALSE,"dirichlet",0.1,700,96
"1134",TRUE,"dirichlet",0.1,700,100
"1135",FALSE,"dirichlet",1,700,94
"1136",TRUE,"dirichlet",1,700,100
"1137",FALSE,"dirichlet",10,700,98
"1138",TRUE,"dirichlet",10,700,100
"1139",FALSE,"dirichlet",100,700,92
"1140",TRUE,"dirichlet",100,700,100
"1141",FALSE,"tree",0.01,800,100
"1142",TRUE,"tree",0.01,800,100
"1143",FALSE,"tree",0.1,800,100
"1144",TRUE,"tree",0.1,800,100
"1145",FALSE,"tree",1,800,100
"1146",TRUE,"tree",1,800,100
"1147",FALSE,"tree",10,800,100
"1148",TRUE,"tree",10,800,100
"1149",FALSE,"tree",100,800,100
"1150",TRUE,"tree",100,800,100
"1151",FALSE,"dirichlet",0.01,800,98
"1152",TRUE,"dirichlet",0.01,800,100
"1153",FALSE,"dirichlet",0.1,800,97
"1154",TRUE,"dirichlet",0.1,800,100
"1155",FALSE,"dirichlet",1,800,97
"1156",TRUE,"dirichlet",1,800,100
"1157",FALSE,"dirichlet",10,800,94
"1158",TRUE,"dirichlet",10,800,100
"1159",FALSE,"dirichlet",100,800,93
"1160",TRUE,"dirichlet",100,800,100
"1161",FALSE,"tree",0.01,900,100
"1162",TRUE,"tree",0.01,900,100
"1163",FALSE,"tree",0.1,900,100
"1164",TRUE,"tree",0.1,900,100
"1165",FALSE,"tree",1,900,100
"1166",TRUE,"tree",1,900,100
"1167",FALSE,"tree",10,900,100
"1168",TRUE,"tree",10,900,100
"1169",FALSE,"tree",100,900,100
"1170",TRUE,"tree",100,900,100
"1171",FALSE,"dirichlet",0.01,900,98
"1172",TRUE,"dirichlet",0.01,900,100
"1173",FALSE,"dirichlet",0.1,900,98
"1174",TRUE,"dirichlet",0.1,900,100
"1175",FALSE,"dirichlet",1,900,100
"1176",TRUE,"dirichlet",1,900,100
"1177",FALSE,"dirichlet",10,900,99
"1178",TRUE,"dirichlet",10,900,100
"1179",FALSE,"dirichlet",100,900,100
"1180",TRUE,"dirichlet",100,900,100
"1181",FALSE,"tree",0.01,1000,100
"1182",TRUE,"tree",0.01,1000,100
"1183",FALSE,"tree",0.1,1000,100
"1184",TRUE,"tree",0.1,1000,100
"1185",FALSE,"tree",1,1000,100
"1186",TRUE,"tree",1,1000,100
"1187",FALSE,"tree",10,1000,100
"1188",TRUE,"tree",10,1000,100
"1189",FALSE,"tree",100,1000,100
"1190",TRUE,"tree",100,1000,100
"1191",FALSE,"dirichlet",0.01,1000,100
"1192",TRUE,"dirichlet",0.01,1000,100
"1193",FALSE,"dirichlet",0.1,1000,98
"1194",TRUE,"dirichlet",0.1,1000,100
"1195",FALSE,"dirichlet",1,1000,100
"1196",TRUE,"dirichlet",1,1000,100
"1197",FALSE,"dirichlet",10,1000,99
"1198",TRUE,"dirichlet",10,1000,100
"1199",FALSE,"dirichlet",100,1000,99
"1200",TRUE,"dirichlet",100,1000,100
"1201",FALSE,"tree",0.01,100,100
"1202",TRUE,"tree",0.01,100,100
"1203",FALSE,"tree",0.1,100,100
"1204",TRUE,"tree",0.1,100,100
"1205",FALSE,"tree",1,100,99
"1206",TRUE,"tree",1,100,100
"1207",FALSE,"tree",10,100,100
"1208",TRUE,"tree",10,100,100
"1209",FALSE,"tree",100,100,94
"1210",TRUE,"tree",100,100,100
"1211",FALSE,"dirichlet",0.01,100,55
"1212",TRUE,"dirichlet",0.01,100,86
"1213",FALSE,"dirichlet",0.1,100,58
"1214",TRUE,"dirichlet",0.1,100,92
"1215",FALSE,"dirichlet",1,100,58
"1216",TRUE,"dirichlet",1,100,92
"1217",FALSE,"dirichlet",10,100,56
"1218",TRUE,"dirichlet",10,100,89
"1219",FALSE,"dirichlet",100,100,56
"1220",TRUE,"dirichlet",100,100,90
"1221",FALSE,"tree",0.01,200,100
"1222",TRUE,"tree",0.01,200,100
"1223",FALSE,"tree",0.1,200,100
"1224",TRUE,"tree",0.1,200,100
"1225",FALSE,"tree",1,200,100
"1226",TRUE,"tree",1,200,100
"1227",FALSE,"tree",10,200,100
"1228",TRUE,"tree",10,200,100
"1229",FALSE,"tree",100,200,100
"1230",TRUE,"tree",100,200,100
"1231",FALSE,"dirichlet",0.01,200,71
"1232",TRUE,"dirichlet",0.01,200,99
"1233",FALSE,"dirichlet",0.1,200,69
"1234",TRUE,"dirichlet",0.1,200,98
"1235",FALSE,"dirichlet",1,200,69
"1236",TRUE,"dirichlet",1,200,100
"1237",FALSE,"dirichlet",10,200,61
"1238",TRUE,"dirichlet",10,200,97
"1239",FALSE,"dirichlet",100,200,69
"1240",TRUE,"dirichlet",100,200,99
"1241",FALSE,"tree",0.01,300,100
"1242",TRUE,"tree",0.01,300,100
"1243",FALSE,"tree",0.1,300,100
"1244",TRUE,"tree",0.1,300,100
"1245",FALSE,"tree",1,300,100
"1246",TRUE,"tree",1,300,100
"1247",FALSE,"tree",10,300,100
"1248",TRUE,"tree",10,300,100
"1249",FALSE,"tree",100,300,98
"1250",TRUE,"tree",100,300,100
"1251",FALSE,"dirichlet",0.01,300,78
"1252",TRUE,"dirichlet",0.01,300,100
"1253",FALSE,"dirichlet",0.1,300,77
"1254",TRUE,"dirichlet",0.1,300,100
"1255",FALSE,"dirichlet",1,300,79
"1256",TRUE,"dirichlet",1,300,100
"1257",FALSE,"dirichlet",10,300,79
"1258",TRUE,"dirichlet",10,300,100
"1259",FALSE,"dirichlet",100,300,78
"1260",TRUE,"dirichlet",100,300,100
"1261",FALSE,"tree",0.01,400,100
"1262",TRUE,"tree",0.01,400,100
"1263",FALSE,"tree",0.1,400,100
"1264",TRUE,"tree",0.1,400,100
"1265",FALSE,"tree",1,400,100
"1266",TRUE,"tree",1,400,100
"1267",FALSE,"tree",10,400,100
"1268",TRUE,"tree",10,400,100
"1269",FALSE,"tree",100,400,100
"1270",TRUE,"tree",100,400,100
"1271",FALSE,"dirichlet",0.01,400,85
"1272",TRUE,"dirichlet",0.01,400,100
"1273",FALSE,"dirichlet",0.1,400,82
"1274",TRUE,"dirichlet",0.1,400,100
"1275",FALSE,"dirichlet",1,400,86
"1276",TRUE,"dirichlet",1,400,100
"1277",FALSE,"dirichlet",10,400,84
"1278",TRUE,"dirichlet",10,400,100
"1279",FALSE,"dirichlet",100,400,85
"1280",TRUE,"dirichlet",100,400,100
"1281",FALSE,"tree",0.01,500,100
"1282",TRUE,"tree",0.01,500,100
"1283",FALSE,"tree",0.1,500,100
"1284",TRUE,"tree",0.1,500,100
"1285",FALSE,"tree",1,500,100
"1286",TRUE,"tree",1,500,100
"1287",FALSE,"tree",10,500,100
"1288",TRUE,"tree",10,500,100
"1289",FALSE,"tree",100,500,99
"1290",TRUE,"tree",100,500,100
"1291",FALSE,"dirichlet",0.01,500,91
"1292",TRUE,"dirichlet",0.01,500,100
"1293",FALSE,"dirichlet",0.1,500,90
"1294",TRUE,"dirichlet",0.1,500,100
"1295",FALSE,"dirichlet",1,500,93
"1296",TRUE,"dirichlet",1,500,100
"1297",FALSE,"dirichlet",10,500,97
"1298",TRUE,"dirichlet",10,500,100
"1299",FALSE,"dirichlet",100,500,92
"1300",TRUE,"dirichlet",100,500,100
"1301",FALSE,"tree",0.01,600,100
"1302",TRUE,"tree",0.01,600,100
"1303",FALSE,"tree",0.1,600,100
"1304",TRUE,"tree",0.1,600,100
"1305",FALSE,"tree",1,600,100
"1306",TRUE,"tree",1,600,100
"1307",FALSE,"tree",10,600,100
"1308",TRUE,"tree",10,600,100
"1309",FALSE,"tree",100,600,100
"1310",TRUE,"tree",100,600,100
"1311",FALSE,"dirichlet",0.01,600,98
"1312",TRUE,"dirichlet",0.01,600,100
"1313",FALSE,"dirichlet",0.1,600,92
"1314",TRUE,"dirichlet",0.1,600,100
"1315",FALSE,"dirichlet",1,600,100
"1316",TRUE,"dirichlet",1,600,100
"1317",FALSE,"dirichlet",10,600,94
"1318",TRUE,"dirichlet",10,600,100
"1319",FALSE,"dirichlet",100,600,95
"1320",TRUE,"dirichlet",100,600,100
"1321",FALSE,"tree",0.01,700,100
"1322",TRUE,"tree",0.01,700,100
"1323",FALSE,"tree",0.1,700,100
"1324",TRUE,"tree",0.1,700,100
"1325",FALSE,"tree",1,700,100
"1326",TRUE,"tree",1,700,100
"1327",FALSE,"tree",10,700,100
"1328",TRUE,"tree",10,700,100
"1329",FALSE,"tree",100,700,100
"1330",TRUE,"tree",100,700,100
"1331",FALSE,"dirichlet",0.01,700,97
"1332",TRUE,"dirichlet",0.01,700,100
"1333",FALSE,"dirichlet",0.1,700,96
"1334",TRUE,"dirichlet",0.1,700,100
"1335",FALSE,"dirichlet",1,700,97
"1336",TRUE,"dirichlet",1,700,100
"1337",FALSE,"dirichlet",10,700,97
"1338",TRUE,"dirichlet",10,700,100
"1339",FALSE,"dirichlet",100,700,93
"1340",TRUE,"dirichlet",100,700,100
"1341",FALSE,"tree",0.01,800,100
"1342",TRUE,"tree",0.01,800,100
"1343",FALSE,"tree",0.1,800,100
"1344",TRUE,"tree",0.1,800,100
"1345",FALSE,"tree",1,800,100
"1346",TRUE,"tree",1,800,100
"1347",FALSE,"tree",10,800,100
"1348",TRUE,"tree",10,800,100
"1349",FALSE,"tree",100,800,100
"1350",TRUE,"tree",100,800,100
"1351",FALSE,"dirichlet",0.01,800,99
"1352",TRUE,"dirichlet",0.01,800,100
"1353",FALSE,"dirichlet",0.1,800,96
"1354",TRUE,"dirichlet",0.1,800,100
"1355",FALSE,"dirichlet",1,800,98
"1356",TRUE,"dirichlet",1,800,100
"1357",FALSE,"dirichlet",10,800,97
"1358",TRUE,"dirichlet",10,800,100
"1359",FALSE,"dirichlet",100,800,97
"1360",TRUE,"dirichlet",100,800,100
"1361",FALSE,"tree",0.01,900,100
"1362",TRUE,"tree",0.01,900,100
"1363",FALSE,"tree",0.1,900,100
"1364",TRUE,"tree",0.1,900,100
"1365",FALSE,"tree",1,900,100
"1366",TRUE,"tree",1,900,100
"1367",FALSE,"tree",10,900,100
"1368",TRUE,"tree",10,900,100
"1369",FALSE,"tree",100,900,100
"1370",TRUE,"tree",100,900,100
"1371",FALSE,"dirichlet",0.01,900,96
"1372",TRUE,"dirichlet",0.01,900,100
"1373",FALSE,"dirichlet",0.1,900,99
"1374",TRUE,"dirichlet",0.1,900,100
"1375",FALSE,"dirichlet",1,900,97
"1376",TRUE,"dirichlet",1,900,100
"1377",FALSE,"dirichlet",10,900,99
"1378",TRUE,"dirichlet",10,900,100
"1379",FALSE,"dirichlet",100,900,99
"1380",TRUE,"dirichlet",100,900,100
"1381",FALSE,"tree",0.01,1000,100
"1382",TRUE,"tree",0.01,1000,100
"1383",FALSE,"tree",0.1,1000,100
"1384",TRUE,"tree",0.1,1000,100
"1385",FALSE,"tree",1,1000,100
"1386",TRUE,"tree",1,1000,100
"1387",FALSE,"tree",10,1000,100
"1388",TRUE,"tree",10,1000,100
"1389",FALSE,"tree",100,1000,100
"1390",TRUE,"tree",100,1000,100
"1391",FALSE,"dirichlet",0.01,1000,98
"1392",TRUE,"dirichlet",0.01,1000,100
"1393",FALSE,"dirichlet",0.1,1000,98
"1394",TRUE,"dirichlet",0.1,1000,100
"1395",FALSE,"dirichlet",1,1000,95
"1396",TRUE,"dirichlet",1,1000,100
"1397",FALSE,"dirichlet",10,1000,100
"1398",TRUE,"dirichlet",10,1000,100
"1399",FALSE,"dirichlet",100,1000,98
"1400",TRUE,"dirichlet",100,1000,100
"1401",FALSE,"tree",0.01,100,81
"1402",TRUE,"tree",0.01,100,79
"1403",FALSE,"tree",0.1,100,71
"1404",TRUE,"tree",0.1,100,68
"1405",FALSE,"tree",1,100,69
"1406",TRUE,"tree",1,100,78
"1407",FALSE,"tree",10,100,72
"1408",TRUE,"tree",10,100,71
"1409",FALSE,"tree",100,100,69
"1410",TRUE,"tree",100,100,69
"1411",FALSE,"dirichlet",0.01,100,42
"1412",TRUE,"dirichlet",0.01,100,50
"1413",FALSE,"dirichlet",0.1,100,53
"1414",TRUE,"dirichlet",0.1,100,52
"1415",FALSE,"dirichlet",1,100,48
"1416",TRUE,"dirichlet",1,100,62
"1417",FALSE,"dirichlet",10,100,43
"1418",TRUE,"dirichlet",10,100,50
"1419",FALSE,"dirichlet",100,100,41
"1420",TRUE,"dirichlet",100,100,56
"1421",FALSE,"tree",0.01,200,99
"1422",TRUE,"tree",0.01,200,100
"1423",FALSE,"tree",0.1,200,98
"1424",TRUE,"tree",0.1,200,100
"1425",FALSE,"tree",1,200,99
"1426",TRUE,"tree",1,200,99
"1427",FALSE,"tree",10,200,99
"1428",TRUE,"tree",10,200,100
"1429",FALSE,"tree",100,200,95
"1430",TRUE,"tree",100,200,97
"1431",FALSE,"dirichlet",0.01,200,68
"1432",TRUE,"dirichlet",0.01,200,93
"1433",FALSE,"dirichlet",0.1,200,65
"1434",TRUE,"dirichlet",0.1,200,93
"1435",FALSE,"dirichlet",1,200,61
"1436",TRUE,"dirichlet",1,200,94
"1437",FALSE,"dirichlet",10,200,68
"1438",TRUE,"dirichlet",10,200,95
"1439",FALSE,"dirichlet",100,200,70
"1440",TRUE,"dirichlet",100,200,92
"1441",FALSE,"tree",0.01,300,100
"1442",TRUE,"tree",0.01,300,100
"1443",FALSE,"tree",0.1,300,100
"1444",TRUE,"tree",0.1,300,100
"1445",FALSE,"tree",1,300,100
"1446",TRUE,"tree",1,300,100
"1447",FALSE,"tree",10,300,100
"1448",TRUE,"tree",10,300,100
"1449",FALSE,"tree",100,300,100
"1450",TRUE,"tree",100,300,100
"1451",FALSE,"dirichlet",0.01,300,82
"1452",TRUE,"dirichlet",0.01,300,100
"1453",FALSE,"dirichlet",0.1,300,75
"1454",TRUE,"dirichlet",0.1,300,100
"1455",FALSE,"dirichlet",1,300,77
"1456",TRUE,"dirichlet",1,300,100
"1457",FALSE,"dirichlet",10,300,83
"1458",TRUE,"dirichlet",10,300,100
"1459",FALSE,"dirichlet",100,300,77
"1460",TRUE,"dirichlet",100,300,100
"1461",FALSE,"tree",0.01,400,100
"1462",TRUE,"tree",0.01,400,100
"1463",FALSE,"tree",0.1,400,100
"1464",TRUE,"tree",0.1,400,100
"1465",FALSE,"tree",1,400,100
"1466",TRUE,"tree",1,400,100
"1467",FALSE,"tree",10,400,100
"1468",TRUE,"tree",10,400,100
"1469",FALSE,"tree",100,400,98
"1470",TRUE,"tree",100,400,100
"1471",FALSE,"dirichlet",0.01,400,86
"1472",TRUE,"dirichlet",0.01,400,100
"1473",FALSE,"dirichlet",0.1,400,84
"1474",TRUE,"dirichlet",0.1,400,100
"1475",FALSE,"dirichlet",1,400,81
"1476",TRUE,"dirichlet",1,400,100
"1477",FALSE,"dirichlet",10,400,87
"1478",TRUE,"dirichlet",10,400,100
"1479",FALSE,"dirichlet",100,400,79
"1480",TRUE,"dirichlet",100,400,100
"1481",FALSE,"tree",0.01,500,100
"1482",TRUE,"tree",0.01,500,100
"1483",FALSE,"tree",0.1,500,100
"1484",TRUE,"tree",0.1,500,100
"1485",FALSE,"tree",1,500,100
"1486",TRUE,"tree",1,500,100
"1487",FALSE,"tree",10,500,100
"1488",TRUE,"tree",10,500,100
"1489",FALSE,"tree",100,500,100
"1490",TRUE,"tree",100,500,100
"1491",FALSE,"dirichlet",0.01,500,83
"1492",TRUE,"dirichlet",0.01,500,100
"1493",FALSE,"dirichlet",0.1,500,83
"1494",TRUE,"dirichlet",0.1,500,100
"1495",FALSE,"dirichlet",1,500,87
"1496",TRUE,"dirichlet",1,500,100
"1497",FALSE,"dirichlet",10,500,85
"1498",TRUE,"dirichlet",10,500,100
"1499",FALSE,"dirichlet",100,500,82
"1500",TRUE,"dirichlet",100,500,100
"1501",FALSE,"tree",0.01,600,100
"1502",TRUE,"tree",0.01,600,100
"1503",FALSE,"tree",0.1,600,100
"1504",TRUE,"tree",0.1,600,100
"1505",FALSE,"tree",1,600,100
"1506",TRUE,"tree",1,600,100
"1507",FALSE,"tree",10,600,100
"1508",TRUE,"tree",10,600,100
"1509",FALSE,"tree",100,600,100
"1510",TRUE,"tree",100,600,100
"1511",FALSE,"dirichlet",0.01,600,92
"1512",TRUE,"dirichlet",0.01,600,100
"1513",FALSE,"dirichlet",0.1,600,90
"1514",TRUE,"dirichlet",0.1,600,100
"1515",FALSE,"dirichlet",1,600,90
"1516",TRUE,"dirichlet",1,600,100
"1517",FALSE,"dirichlet",10,600,92
"1518",TRUE,"dirichlet",10,600,100
"1519",FALSE,"dirichlet",100,600,94
"1520",TRUE,"dirichlet",100,600,100
"1521",FALSE,"tree",0.01,700,100
"1522",TRUE,"tree",0.01,700,100
"1523",FALSE,"tree",0.1,700,100
"1524",TRUE,"tree",0.1,700,100
"1525",FALSE,"tree",1,700,100
"1526",TRUE,"tree",1,700,100
"1527",FALSE,"tree",10,700,100
"1528",TRUE,"tree",10,700,100
"1529",FALSE,"tree",100,700,100
"1530",TRUE,"tree",100,700,100
"1531",FALSE,"dirichlet",0.01,700,94
"1532",TRUE,"dirichlet",0.01,700,100
"1533",FALSE,"dirichlet",0.1,700,95
"1534",TRUE,"dirichlet",0.1,700,100
"1535",FALSE,"dirichlet",1,700,94
"1536",TRUE,"dirichlet",1,700,100
"1537",FALSE,"dirichlet",10,700,89
"1538",TRUE,"dirichlet",10,700,100
"1539",FALSE,"dirichlet",100,700,97
"1540",TRUE,"dirichlet",100,700,100
"1541",FALSE,"tree",0.01,800,100
"1542",TRUE,"tree",0.01,800,100
"1543",FALSE,"tree",0.1,800,100
"1544",TRUE,"tree",0.1,800,100
"1545",FALSE,"tree",1,800,100
"1546",TRUE,"tree",1,800,100
"1547",FALSE,"tree",10,800,100
"1548",TRUE,"tree",10,800,100
"1549",FALSE,"tree",100,800,100
"1550",TRUE,"tree",100,800,100
"1551",FALSE,"dirichlet",0.01,800,96
"1552",TRUE,"dirichlet",0.01,800,100
"1553",FALSE,"dirichlet",0.1,800,98
"1554",TRUE,"dirichlet",0.1,800,100
"1555",FALSE,"dirichlet",1,800,96
"1556",TRUE,"dirichlet",1,800,100
"1557",FALSE,"dirichlet",10,800,94
"1558",TRUE,"dirichlet",10,800,100
"1559",FALSE,"dirichlet",100,800,99
"1560",TRUE,"dirichlet",100,800,100
"1561",FALSE,"tree",0.01,900,100
"1562",TRUE,"tree",0.01,900,100
"1563",FALSE,"tree",0.1,900,100
"1564",TRUE,"tree",0.1,900,100
"1565",FALSE,"tree",1,900,100
"1566",TRUE,"tree",1,900,100
"1567",FALSE,"tree",10,900,100
"1568",TRUE,"tree",10,900,100
"1569",FALSE,"tree",100,900,100
"1570",TRUE,"tree",100,900,100
"1571",FALSE,"dirichlet",0.01,900,98
"1572",TRUE,"dirichlet",0.01,900,100
"1573",FALSE,"dirichlet",0.1,900,99
"1574",TRUE,"dirichlet",0.1,900,100
"1575",FALSE,"dirichlet",1,900,99
"1576",TRUE,"dirichlet",1,900,100
"1577",FALSE,"dirichlet",10,900,98
"1578",TRUE,"dirichlet",10,900,100
"1579",FALSE,"dirichlet",100,900,98
"1580",TRUE,"dirichlet",100,900,100
"1581",FALSE,"tree",0.01,1000,100
"1582",TRUE,"tree",0.01,1000,100
"1583",FALSE,"tree",0.1,1000,100
"1584",TRUE,"tree",0.1,1000,100
"1585",FALSE,"tree",1,1000,100
"1586",TRUE,"tree",1,1000,100
"1587",FALSE,"tree",10,1000,100
"1588",TRUE,"tree",10,1000,100
"1589",FALSE,"tree",100,1000,100
"1590",TRUE,"tree",100,1000,100
"1591",FALSE,"dirichlet",0.01,1000,98
"1592",TRUE,"dirichlet",0.01,1000,100
"1593",FALSE,"dirichlet",0.1,1000,99
"1594",TRUE,"dirichlet",0.1,1000,100
"1595",FALSE,"dirichlet",1,1000,99
"1596",TRUE,"dirichlet",1,1000,100
"1597",FALSE,"dirichlet",10,1000,100
"1598",TRUE,"dirichlet",10,1000,100
"1599",FALSE,"dirichlet",100,1000,99
"1600",TRUE,"dirichlet",100,1000,100
"1601",FALSE,"tree",0.01,100,98
"1602",TRUE,"tree",0.01,100,99
"1603",FALSE,"tree",0.1,100,98
"1604",TRUE,"tree",0.1,100,99
"1605",FALSE,"tree",1,100,99
"1606",TRUE,"tree",1,100,99
"1607",FALSE,"tree",10,100,99
"1608",TRUE,"tree",10,100,98
"1609",FALSE,"tree",100,100,72
"1610",TRUE,"tree",100,100,90
"1611",FALSE,"dirichlet",0.01,100,60
"1612",TRUE,"dirichlet",0.01,100,77
"1613",FALSE,"dirichlet",0.1,100,54
"1614",TRUE,"dirichlet",0.1,100,76
"1615",FALSE,"dirichlet",1,100,52
"1616",TRUE,"dirichlet",1,100,76
"1617",FALSE,"dirichlet",10,100,58
"1618",TRUE,"dirichlet",10,100,81
"1619",FALSE,"dirichlet",100,100,53
"1620",TRUE,"dirichlet",100,100,74
"1621",FALSE,"tree",0.01,200,99
"1622",TRUE,"tree",0.01,200,100
"1623",FALSE,"tree",0.1,200,100
"1624",TRUE,"tree",0.1,200,100
"1625",FALSE,"tree",1,200,99
"1626",TRUE,"tree",1,200,100
"1627",FALSE,"tree",10,200,100
"1628",TRUE,"tree",10,200,100
"1629",FALSE,"tree",100,200,96
"1630",TRUE,"tree",100,200,100
"1631",FALSE,"dirichlet",0.01,200,67
"1632",TRUE,"dirichlet",0.01,200,100
"1633",FALSE,"dirichlet",0.1,200,65
"1634",TRUE,"dirichlet",0.1,200,96
"1635",FALSE,"dirichlet",1,200,70
"1636",TRUE,"dirichlet",1,200,98
"1637",FALSE,"dirichlet",10,200,70
"1638",TRUE,"dirichlet",10,200,98
"1639",FALSE,"dirichlet",100,200,59
"1640",TRUE,"dirichlet",100,200,97
"1641",FALSE,"tree",0.01,300,100
"1642",TRUE,"tree",0.01,300,100
"1643",FALSE,"tree",0.1,300,100
"1644",TRUE,"tree",0.1,300,100
"1645",FALSE,"tree",1,300,100
"1646",TRUE,"tree",1,300,100
"1647",FALSE,"tree",10,300,100
"1648",TRUE,"tree",10,300,100
"1649",FALSE,"tree",100,300,100
"1650",TRUE,"tree",100,300,100
"1651",FALSE,"dirichlet",0.01,300,87
"1652",TRUE,"dirichlet",0.01,300,100
"1653",FALSE,"dirichlet",0.1,300,81
"1654",TRUE,"dirichlet",0.1,300,100
"1655",FALSE,"dirichlet",1,300,82
"1656",TRUE,"dirichlet",1,300,99
"1657",FALSE,"dirichlet",10,300,88
"1658",TRUE,"dirichlet",10,300,100
"1659",FALSE,"dirichlet",100,300,80
"1660",TRUE,"dirichlet",100,300,100
"1661",FALSE,"tree",0.01,400,100
"1662",TRUE,"tree",0.01,400,100
"1663",FALSE,"tree",0.1,400,100
"1664",TRUE,"tree",0.1,400,100
"1665",FALSE,"tree",1,400,100
"1666",TRUE,"tree",1,400,100
"1667",FALSE,"tree",10,400,100
"1668",TRUE,"tree",10,400,100
"1669",FALSE,"tree",100,400,100
"1670",TRUE,"tree",100,400,100
"1671",FALSE,"dirichlet",0.01,400,89
"1672",TRUE,"dirichlet",0.01,400,100
"1673",FALSE,"dirichlet",0.1,400,89
"1674",TRUE,"dirichlet",0.1,400,100
"1675",FALSE,"dirichlet",1,400,83
"1676",TRUE,"dirichlet",1,400,100
"1677",FALSE,"dirichlet",10,400,90
"1678",TRUE,"dirichlet",10,400,100
"1679",FALSE,"dirichlet",100,400,90
"1680",TRUE,"dirichlet",100,400,100
"1681",FALSE,"tree",0.01,500,100
"1682",TRUE,"tree",0.01,500,100
"1683",FALSE,"tree",0.1,500,100
"1684",TRUE,"tree",0.1,500,100
"1685",FALSE,"tree",1,500,100
"1686",TRUE,"tree",1,500,100
"1687",FALSE,"tree",10,500,100
"1688",TRUE,"tree",10,500,100
"1689",FALSE,"tree",100,500,100
"1690",TRUE,"tree",100,500,100
"1691",FALSE,"dirichlet",0.01,500,92
"1692",TRUE,"dirichlet",0.01,500,100
"1693",FALSE,"dirichlet",0.1,500,92
"1694",TRUE,"dirichlet",0.1,500,100
"1695",FALSE,"dirichlet",1,500,93
"1696",TRUE,"dirichlet",1,500,100
"1697",FALSE,"dirichlet",10,500,90
"1698",TRUE,"dirichlet",10,500,100
"1699",FALSE,"dirichlet",100,500,95
"1700",TRUE,"dirichlet",100,500,100
"1701",FALSE,"tree",0.01,600,100
"1702",TRUE,"tree",0.01,600,100
"1703",FALSE,"tree",0.1,600,100
"1704",TRUE,"tree",0.1,600,100
"1705",FALSE,"tree",1,600,100
"1706",TRUE,"tree",1,600,100
"1707",FALSE,"tree",10,600,100
"1708",TRUE,"tree",10,600,100
"1709",FALSE,"tree",100,600,100
"1710",TRUE,"tree",100,600,100
"1711",FALSE,"dirichlet",0.01,600,91
"1712",TRUE,"dirichlet",0.01,600,100
"1713",FALSE,"dirichlet",0.1,600,92
"1714",TRUE,"dirichlet",0.1,600,100
"1715",FALSE,"dirichlet",1,600,95
"1716",TRUE,"dirichlet",1,600,100
"1717",FALSE,"dirichlet",10,600,95
"1718",TRUE,"dirichlet",10,600,100
"1719",FALSE,"dirichlet",100,600,98
"1720",TRUE,"dirichlet",100,600,100
"1721",FALSE,"tree",0.01,700,100
"1722",TRUE,"tree",0.01,700,100
"1723",FALSE,"tree",0.1,700,100
"1724",TRUE,"tree",0.1,700,100
"1725",FALSE,"tree",1,700,100
"1726",TRUE,"tree",1,700,100
"1727",FALSE,"tree",10,700,100
"1728",TRUE,"tree",10,700,100
"1729",FALSE,"tree",100,700,100
"1730",TRUE,"tree",100,700,100
"1731",FALSE,"dirichlet",0.01,700,98
"1732",TRUE,"dirichlet",0.01,700,100
"1733",FALSE,"dirichlet",0.1,700,98
"1734",TRUE,"dirichlet",0.1,700,100
"1735",FALSE,"dirichlet",1,700,94
"1736",TRUE,"dirichlet",1,700,100
"1737",FALSE,"dirichlet",10,700,95
"1738",TRUE,"dirichlet",10,700,100
"1739",FALSE,"dirichlet",100,700,90
"1740",TRUE,"dirichlet",100,700,100
"1741",FALSE,"tree",0.01,800,100
"1742",TRUE,"tree",0.01,800,100
"1743",FALSE,"tree",0.1,800,100
"1744",TRUE,"tree",0.1,800,100
"1745",FALSE,"tree",1,800,100
"1746",TRUE,"tree",1,800,100
"1747",FALSE,"tree",10,800,100
"1748",TRUE,"tree",10,800,100
"1749",FALSE,"tree",100,800,100
"1750",TRUE,"tree",100,800,100
"1751",FALSE,"dirichlet",0.01,800,98
"1752",TRUE,"dirichlet",0.01,800,100
"1753",FALSE,"dirichlet",0.1,800,95
"1754",TRUE,"dirichlet",0.1,800,100
"1755",FALSE,"dirichlet",1,800,100
"1756",TRUE,"dirichlet",1,800,100
"1757",FALSE,"dirichlet",10,800,98
"1758",TRUE,"dirichlet",10,800,100
"1759",FALSE,"dirichlet",100,800,98
"1760",TRUE,"dirichlet",100,800,100
"1761",FALSE,"tree",0.01,900,100
"1762",TRUE,"tree",0.01,900,100
"1763",FALSE,"tree",0.1,900,100
"1764",TRUE,"tree",0.1,900,100
"1765",FALSE,"tree",1,900,100
"1766",TRUE,"tree",1,900,100
"1767",FALSE,"tree",10,900,100
"1768",TRUE,"tree",10,900,100
"1769",FALSE,"tree",100,900,100
"1770",TRUE,"tree",100,900,100
"1771",FALSE,"dirichlet",0.01,900,99
"1772",TRUE,"dirichlet",0.01,900,100
"1773",FALSE,"dirichlet",0.1,900,97
"1774",TRUE,"dirichlet",0.1,900,100
"1775",FALSE,"dirichlet",1,900,98
"1776",TRUE,"dirichlet",1,900,100
"1777",FALSE,"dirichlet",10,900,99
"1778",TRUE,"dirichlet",10,900,100
"1779",FALSE,"dirichlet",100,900,97
"1780",TRUE,"dirichlet",100,900,100
"1781",FALSE,"tree",0.01,1000,100
"1782",TRUE,"tree",0.01,1000,100
"1783",FALSE,"tree",0.1,1000,100
"1784",TRUE,"tree",0.1,1000,100
"1785",FALSE,"tree",1,1000,100
"1786",TRUE,"tree",1,1000,100
"1787",FALSE,"tree",10,1000,100
"1788",TRUE,"tree",10,1000,100
"1789",FALSE,"tree",100,1000,100
"1790",TRUE,"tree",100,1000,100
"1791",FALSE,"dirichlet",0.01,1000,97
"1792",TRUE,"dirichlet",0.01,1000,100
"1793",FALSE,"dirichlet",0.1,1000,99
"1794",TRUE,"dirichlet",0.1,1000,100
"1795",FALSE,"dirichlet",1,1000,98
"1796",TRUE,"dirichlet",1,1000,100
"1797",FALSE,"dirichlet",10,1000,98
"1798",TRUE,"dirichlet",10,1000,100
"1799",FALSE,"dirichlet",100,1000,97
"1800",TRUE,"dirichlet",100,1000,100
"1801",FALSE,"tree",0.01,100,62
"1802",TRUE,"tree",0.01,100,69
"1803",FALSE,"tree",0.1,100,60
"1804",TRUE,"tree",0.1,100,62
"1805",FALSE,"tree",1,100,63
"1806",TRUE,"tree",1,100,69
"1807",FALSE,"tree",10,100,80
"1808",TRUE,"tree",10,100,72
"1809",FALSE,"tree",100,100,56
"1810",TRUE,"tree",100,100,64
"1811",FALSE,"dirichlet",0.01,100,55
"1812",TRUE,"dirichlet",0.01,100,59
"1813",FALSE,"dirichlet",0.1,100,48
"1814",TRUE,"dirichlet",0.1,100,51
"1815",FALSE,"dirichlet",1,100,45
"1816",TRUE,"dirichlet",1,100,50
"1817",FALSE,"dirichlet",10,100,53
"1818",TRUE,"dirichlet",10,100,55
"1819",FALSE,"dirichlet",100,100,44
"1820",TRUE,"dirichlet",100,100,49
"1821",FALSE,"tree",0.01,200,98
"1822",TRUE,"tree",0.01,200,99
"1823",FALSE,"tree",0.1,200,99
"1824",TRUE,"tree",0.1,200,100
"1825",FALSE,"tree",1,200,99
"1826",TRUE,"tree",1,200,100
"1827",FALSE,"tree",10,200,100
"1828",TRUE,"tree",10,200,100
"1829",FALSE,"tree",100,200,90
"1830",TRUE,"tree",100,200,98
"1831",FALSE,"dirichlet",0.01,200,73
"1832",TRUE,"dirichlet",0.01,200,88
"1833",FALSE,"dirichlet",0.1,200,64
"1834",TRUE,"dirichlet",0.1,200,88
"1835",FALSE,"dirichlet",1,200,73
"1836",TRUE,"dirichlet",1,200,94
"1837",FALSE,"dirichlet",10,200,58
"1838",TRUE,"dirichlet",10,200,95
"1839",FALSE,"dirichlet",100,200,63
"1840",TRUE,"dirichlet",100,200,93
"1841",FALSE,"tree",0.01,300,100
"1842",TRUE,"tree",0.01,300,100
"1843",FALSE,"tree",0.1,300,100
"1844",TRUE,"tree",0.1,300,100
"1845",FALSE,"tree",1,300,100
"1846",TRUE,"tree",1,300,100
"1847",FALSE,"tree",10,300,99
"1848",TRUE,"tree",10,300,100
"1849",FALSE,"tree",100,300,100
"1850",TRUE,"tree",100,300,100
"1851",FALSE,"dirichlet",0.01,300,74
"1852",TRUE,"dirichlet",0.01,300,100
"1853",FALSE,"dirichlet",0.1,300,73
"1854",TRUE,"dirichlet",0.1,300,100
"1855",FALSE,"dirichlet",1,300,71
"1856",TRUE,"dirichlet",1,300,100
"1857",FALSE,"dirichlet",10,300,73
"1858",TRUE,"dirichlet",10,300,100
"1859",FALSE,"dirichlet",100,300,79
"1860",TRUE,"dirichlet",100,300,100
"1861",FALSE,"tree",0.01,400,100
"1862",TRUE,"tree",0.01,400,100
"1863",FALSE,"tree",0.1,400,100
"1864",TRUE,"tree",0.1,400,100
"1865",FALSE,"tree",1,400,100
"1866",TRUE,"tree",1,400,100
"1867",FALSE,"tree",10,400,99
"1868",TRUE,"tree",10,400,100
"1869",FALSE,"tree",100,400,96
"1870",TRUE,"tree",100,400,100
"1871",FALSE,"dirichlet",0.01,400,80
"1872",TRUE,"dirichlet",0.01,400,99
"1873",FALSE,"dirichlet",0.1,400,83
"1874",TRUE,"dirichlet",0.1,400,100
"1875",FALSE,"dirichlet",1,400,79
"1876",TRUE,"dirichlet",1,400,100
"1877",FALSE,"dirichlet",10,400,84
"1878",TRUE,"dirichlet",10,400,100
"1879",FALSE,"dirichlet",100,400,82
"1880",TRUE,"dirichlet",100,400,100
"1881",FALSE,"tree",0.01,500,100
"1882",TRUE,"tree",0.01,500,100
"1883",FALSE,"tree",0.1,500,100
"1884",TRUE,"tree",0.1,500,100
"1885",FALSE,"tree",1,500,100
"1886",TRUE,"tree",1,500,100
"1887",FALSE,"tree",10,500,100
"1888",TRUE,"tree",10,500,100
"1889",FALSE,"tree",100,500,100
"1890",TRUE,"tree",100,500,100
"1891",FALSE,"dirichlet",0.01,500,90
"1892",TRUE,"dirichlet",0.01,500,100
"1893",FALSE,"dirichlet",0.1,500,86
"1894",TRUE,"dirichlet",0.1,500,100
"1895",FALSE,"dirichlet",1,500,91
"1896",TRUE,"dirichlet",1,500,100
"1897",FALSE,"dirichlet",10,500,88
"1898",TRUE,"dirichlet",10,500,100
"1899",FALSE,"dirichlet",100,500,89
"1900",TRUE,"dirichlet",100,500,100
"1901",FALSE,"tree",0.01,600,100
"1902",TRUE,"tree",0.01,600,100
"1903",FALSE,"tree",0.1,600,100
"1904",TRUE,"tree",0.1,600,100
"1905",FALSE,"tree",1,600,100
"1906",TRUE,"tree",1,600,100
"1907",FALSE,"tree",10,600,100
"1908",TRUE,"tree",10,600,100
"1909",FALSE,"tree",100,600,100
"1910",TRUE,"tree",100,600,100
"1911",FALSE,"dirichlet",0.01,600,89
"1912",TRUE,"dirichlet",0.01,600,100
"1913",FALSE,"dirichlet",0.1,600,85
"1914",TRUE,"dirichlet",0.1,600,100
"1915",FALSE,"dirichlet",1,600,90
"1916",TRUE,"dirichlet",1,600,100
"1917",FALSE,"dirichlet",10,600,97
"1918",TRUE,"dirichlet",10,600,100
"1919",FALSE,"dirichlet",100,600,92
"1920",TRUE,"dirichlet",100,600,100
"1921",FALSE,"tree",0.01,700,100
"1922",TRUE,"tree",0.01,700,100
"1923",FALSE,"tree",0.1,700,100
"1924",TRUE,"tree",0.1,700,100
"1925",FALSE,"tree",1,700,100
"1926",TRUE,"tree",1,700,100
"1927",FALSE,"tree",10,700,100
"1928",TRUE,"tree",10,700,100
"1929",FALSE,"tree",100,700,100
"1930",TRUE,"tree",100,700,100
"1931",FALSE,"dirichlet",0.01,700,98
"1932",TRUE,"dirichlet",0.01,700,100
"1933",FALSE,"dirichlet",0.1,700,93
"1934",TRUE,"dirichlet",0.1,700,100
"1935",FALSE,"dirichlet",1,700,91
"1936",TRUE,"dirichlet",1,700,100
"1937",FALSE,"dirichlet",10,700,92
"1938",TRUE,"dirichlet",10,700,100
"1939",FALSE,"dirichlet",100,700,99
"1940",TRUE,"dirichlet",100,700,100
"1941",FALSE,"tree",0.01,800,100
"1942",TRUE,"tree",0.01,800,100
"1943",FALSE,"tree",0.1,800,100
"1944",TRUE,"tree",0.1,800,100
"1945",FALSE,"tree",1,800,100
"1946",TRUE,"tree",1,800,100
"1947",FALSE,"tree",10,800,100
"1948",TRUE,"tree",10,800,100
"1949",FALSE,"tree",100,800,100
"1950",TRUE,"tree",100,800,100
"1951",FALSE,"dirichlet",0.01,800,96
"1952",TRUE,"dirichlet",0.01,800,100
"1953",FALSE,"dirichlet",0.1,800,97
"1954",TRUE,"dirichlet",0.1,800,100
"1955",FALSE,"dirichlet",1,800,93
"1956",TRUE,"dirichlet",1,800,100
"1957",FALSE,"dirichlet",10,800,93
"1958",TRUE,"dirichlet",10,800,100
"1959",FALSE,"dirichlet",100,800,96
"1960",TRUE,"dirichlet",100,800,100
"1961",FALSE,"tree",0.01,900,100
"1962",TRUE,"tree",0.01,900,100
"1963",FALSE,"tree",0.1,900,100
"1964",TRUE,"tree",0.1,900,100
"1965",FALSE,"tree",1,900,100
"1966",TRUE,"tree",1,900,100
"1967",FALSE,"tree",10,900,100
"1968",TRUE,"tree",10,900,100
"1969",FALSE,"tree",100,900,100
"1970",TRUE,"tree",100,900,100
"1971",FALSE,"dirichlet",0.01,900,96
"1972",TRUE,"dirichlet",0.01,900,100
"1973",FALSE,"dirichlet",0.1,900,96
"1974",TRUE,"dirichlet",0.1,900,100
"1975",FALSE,"dirichlet",1,900,94
"1976",TRUE,"dirichlet",1,900,100
"1977",FALSE,"dirichlet",10,900,95
"1978",TRUE,"dirichlet",10,900,100
"1979",FALSE,"dirichlet",100,900,93
"1980",TRUE,"dirichlet",100,900,100
"1981",FALSE,"tree",0.01,1000,100
"1982",TRUE,"tree",0.01,1000,100
"1983",FALSE,"tree",0.1,1000,100
"1984",TRUE,"tree",0.1,1000,100
"1985",FALSE,"tree",1,1000,100
"1986",TRUE,"tree",1,1000,100
"1987",FALSE,"tree",10,1000,100
"1988",TRUE,"tree",10,1000,100
"1989",FALSE,"tree",100,1000,100
"1990",TRUE,"tree",100,1000,100
"1991",FALSE,"dirichlet",0.01,1000,99
"1992",TRUE,"dirichlet",0.01,1000,100
"1993",FALSE,"dirichlet",0.1,1000,100
"1994",TRUE,"dirichlet",0.1,1000,100
"1995",FALSE,"dirichlet",1,1000,98
"1996",TRUE,"dirichlet",1,1000,100
"1997",FALSE,"dirichlet",10,1000,97
"1998",TRUE,"dirichlet",10,1000,100
"1999",FALSE,"dirichlet",100,1000,100
"2000",TRUE,"dirichlet",100,1000,100
